{
  "medical_prescription": {
    "precision": 1.0,
    "recall": 1.0,
    "f1-score": 1.0,
    "support": 19.0
  },
  "lab_report": {
    "precision": 1.0,
    "recall": 1.0,
    "f1-score": 1.0,
    "support": 18.0
  },
  "legal_contract": {
    "precision": 1.0,
    "recall": 1.0,
    "f1-score": 1.0,
    "support": 19.0
  },
  "affidavit": {
    "precision": 0.9444444444444444,
    "recall": 1.0,
    "f1-score": 0.9714285714285714,
    "support": 17.0
  },
  "invoice": {
    "precision": 1.0,
    "recall": 1.0,
    "f1-score": 1.0,
    "support": 26.0
  },
  "unknown": {
    "precision": 0.0,
    "recall": 0.0,
    "f1-score": 0.0,
    "support": 1.0
  },
  "accuracy": 0.99,
  "macro avg": {
    "precision": 0.8240740740740741,
    "recall": 0.8333333333333334,
    "f1-score": 0.8285714285714286,
    "support": 100.0
  },
  "weighted avg": {
    "precision": 0.9805555555555556,
    "recall": 0.99,
    "f1-score": 0.9851428571428571,
    "support": 100.0
  }
}